batter,total_runs,total_balls,dismissals,matches_played_x,batting_average,strike_rate,total_wickets,total_runs_conceded,total_overs,matches_played_y,economy,bowling_average,bowling_strike_rate,wickets_per_match,overall_score
TM Head,634.0,341.0,15.0,16.0,42.266666666666666,185.92375366568913,0.0,0.0,0.0,0.0,0.0,0.0,0.0,0.0,49.864750733137825
Rashid Khan,441.0,288.0,25.0,41.0,17.64,153.125,98.0,2083.0,301.0,76.0,6.920265780730897,21.255102040816325,18.428571428571427,1.2894736842105263,47.865942122748734
H Klaasen,961.0,569.0,22.0,27.0,43.68181818181818,168.8927943760984,0.0,0.0,0.0,0.0,0.0,0.0,0.0,0.0,46.88310432976513
T Stubbs,439.0,262.0,10.0,18.0,43.9,167.55725190839695,0.0,0.0,0.0,0.0,0.0,0.0,0.0,0.0,46.68145038167939
Shashank Singh,467.0,289.0,11.0,20.0,42.45454545454545,161.5916955017301,0.0,0.0,0.0,0.0,0.0,0.0,0.0,0.0,45.05470273670966
AD Russell,1088.0,715.0,43.0,53.0,25.302325581395348,152.16783216783216,65.0,1062.0,114.0,51.0,9.31578947368421,16.338461538461537,10.523076923076923,1.2745098039215685,44.88288123904799
PD Salt,709.0,417.0,21.0,22.0,33.76190476190476,170.02398081534773,0.0,0.0,0.0,0.0,0.0,0.0,0.0,0.0,44.133367591640976
B Sai Sudharsan,1108.0,814.0,22.0,26.0,50.36363636363637,136.11793611793613,0.0,0.0,0.0,0.0,0.0,0.0,0.0,0.0,42.33267813267814
SA Yadav,2079.0,1352.0,56.0,65.0,37.125,153.77218934911244,0.0,0.0,0.0,0.0,0.0,0.0,0.0,0.0,41.891937869822485
DP Conway,924.0,669.0,20.0,22.0,46.2,138.11659192825113,0.0,0.0,0.0,0.0,0.0,0.0,0.0,0.0,41.48331838565023
SP Narine,807.0,531.0,45.0,53.0,17.933333333333334,151.9774011299435,64.0,1722.0,257.0,67.0,6.700389105058366,26.90625,24.09375,0.9552238805970149,41.479179627812265
N Pooran,1676.0,1064.0,51.0,67.0,32.86274509803921,157.5187969924812,0.0,0.0,0.0,0.0,0.0,0.0,0.0,0.0,41.36258292790801
AB de Villiers,773.0,511.0,21.0,28.0,36.80952380952381,151.27201565557732,0.0,0.0,0.0,0.0,0.0,0.0,0.0,0.0,41.29726027397261
RM Patidar,833.0,550.0,25.0,25.0,33.32,151.45454545454547,0.0,0.0,0.0,0.0,0.0,0.0,0.0,0.0,40.2869090909091
HV Patel,142.0,140.0,17.0,22.0,8.352941176470589,101.42857142857142,106.0,1860.0,230.0,63.0,8.08695652173913,17.547169811320753,13.018867924528301,1.6825396825396826,40.26847724597086
JO Holder,221.0,185.0,16.0,22.0,13.8125,119.45945945945947,51.0,1109.0,131.0,35.0,8.465648854961833,21.745098039215687,15.411764705882353,1.457142857142857,40.24720132482537
TH David,659.0,417.0,23.0,35.0,28.652173913043477,158.0335731414868,0.0,0.0,0.0,0.0,0.0,0.0,0.0,0.0,40.202366802210406
Tilak Varma,1187.0,856.0,29.0,39.0,40.93103448275862,138.66822429906543,0.0,0.0,0.0,0.0,0.0,0.0,0.0,0.0,40.012955204640676
KL Rahul,2712.0,2113.0,57.0,64.0,47.578947368421055,128.3483199242783,0.0,0.0,0.0,0.0,0.0,0.0,0.0,0.0,39.94334819538197
F du Plessis,2747.0,1956.0,70.0,75.0,39.24285714285714,140.439672801636,0.0,0.0,0.0,0.0,0.0,0.0,0.0,0.0,39.86079170318434
RD Gaikwad,2433.0,1807.0,57.0,66.0,42.68421052631579,134.64305478693967,0.0,0.0,0.0,0.0,0.0,0.0,0.0,0.0,39.733874115282674
SO Hetmyer,1195.0,804.0,36.0,61.0,33.19444444444444,148.6318407960199,0.0,0.0,0.0,0.0,0.0,0.0,0.0,0.0,39.684701492537314
JC Buttler,2250.0,1599.0,59.0,62.0,38.13559322033898,140.71294559099437,0.0,0.0,0.0,0.0,0.0,0.0,0.0,0.0,39.583267084300566
RR Rossouw,420.0,270.0,15.0,17.0,28.0,155.55555555555557,0.0,0.0,0.0,0.0,0.0,0.0,0.0,0.0,39.51111111111111
0,0.0,0.0,0.0,0.0,0.0,0.0,11.0,124.0,16.0,4.0,7.75,11.272727272727273,8.727272727272727,2.75,39.5
SV Samson,2276.0,1580.0,64.0,75.0,35.5625,144.0506329113924,0.0,0.0,0.0,0.0,0.0,0.0,0.0,0.0,39.47887658227848
Dhruv Jurel,417.0,274.0,14.0,23.0,29.785714285714285,152.18978102189783,0.0,0.0,0.0,0.0,0.0,0.0,0.0,0.0,39.37367049009385
MR Marsh,512.0,369.0,21.0,23.0,24.38095238095238,138.75338753387533,17.0,360.0,42.0,16.0,8.571428571428571,21.176470588235293,14.823529411764707,1.0625,39.17210607820364
PJ Cummins,438.0,304.0,23.0,31.0,19.043478260869566,144.07894736842107,47.0,1433.0,164.0,43.0,8.737804878048781,30.48936170212766,20.93617021276596,1.0930232558139534,38.91368831212659
YBK Jaiswal,1608.0,1101.0,50.0,53.0,32.16,146.04904632152588,0.0,0.0,0.0,0.0,0.0,0.0,0.0,0.0,38.857809264305175
RK Singh,839.0,596.0,24.0,34.0,34.958333333333336,140.7718120805369,0.0,0.0,0.0,0.0,0.0,0.0,0.0,0.0,38.64186241610739
DA Miller,1101.0,816.0,29.0,47.0,37.96551724137931,134.9264705882353,0.0,0.0,0.0,0.0,0.0,0.0,0.0,0.0,38.374949290060854
K Rabada,137.0,124.0,10.0,21.0,13.7,110.48387096774192,90.0,1988.0,240.0,63.0,8.283333333333333,22.08888888888889,16.0,1.4285714285714286,38.21153609831029
Shubman Gill,2750.0,2062.0,73.0,77.0,37.67123287671233,133.36566440349176,0.0,0.0,0.0,0.0,0.0,0.0,0.0,0.0,37.97450274371205
V Kohli,2656.0,2061.0,66.0,76.0,40.24242424242424,128.86948083454635,0.0,0.0,0.0,0.0,0.0,0.0,0.0,0.0,37.846623439636545
Ishan Kishan,2055.0,1497.0,60.0,67.0,34.25,137.2745490981964,0.0,0.0,0.0,0.0,0.0,0.0,0.0,0.0,37.72990981963928
S Dhawan,2190.0,1708.0,56.0,63.0,39.107142857142854,128.22014051522248,0.0,0.0,0.0,0.0,0.0,0.0,0.0,0.0,37.37617096018735
RA Jadeja,1049.0,764.0,32.0,56.0,32.78125,137.30366492146598,53.0,1705.0,226.0,70.0,7.54424778761062,32.16981132075472,25.58490566037736,0.7571428571428571,37.3494695519291
C Green,707.0,472.0,20.0,28.0,35.35,149.78813559322032,20.0,634.0,74.0,29.0,8.567567567567568,31.7,22.2,0.6896551724137931,37.220595431784794
JJ Bumrah,33.0,41.0,4.0,16.0,8.25,80.48780487804879,89.0,1483.0,223.0,56.0,6.650224215246637,16.662921348314608,15.03370786516854,1.5892857142857142,37.05782683083077
KD Karthik,1188.0,798.0,49.0,71.0,24.244897959183675,148.87218045112783,0.0,0.0,0.0,0.0,0.0,0.0,0.0,0.0,37.04790547798067
DA Warner,1861.0,1451.0,50.0,58.0,37.22,128.2563749138525,0.0,0.0,0.0,0.0,0.0,0.0,0.0,0.0,36.8172749827705
PP Shaw,1294.0,886.0,53.0,54.0,24.41509433962264,146.04966139954854,0.0,0.0,0.0,0.0,0.0,0.0,0.0,0.0,36.5344605817965
JM Sharma,730.0,501.0,32.0,36.0,22.8125,145.70858283433134,0.0,0.0,0.0,0.0,0.0,0.0,0.0,0.0,35.985466566866265
SS Iyer,1543.0,1219.0,44.0,54.0,35.06818181818182,126.5791632485644,0.0,0.0,0.0,0.0,0.0,0.0,0.0,0.0,35.83628719516743
JM Bairstow,1144.0,840.0,40.0,40.0,28.6,136.1904761904762,0.0,0.0,0.0,0.0,0.0,0.0,0.0,0.0,35.81809523809524
Q de Kock,1708.0,1281.0,56.0,58.0,30.5,133.33333333333331,0.0,0.0,0.0,0.0,0.0,0.0,0.0,0.0,35.81666666666666
AR Patel,879.0,674.0,36.0,51.0,24.416666666666668,130.4154302670623,55.0,1633.0,235.0,68.0,6.948936170212766,29.69090909090909,25.636363636363637,0.8088235294117647,35.686684301222215
RR Pant,1555.0,1198.0,48.0,57.0,32.395833333333336,129.79966611018364,0.0,0.0,0.0,0.0,0.0,0.0,0.0,0.0,35.678683222036724
Abishek Porel,360.0,246.0,17.0,17.0,21.176470588235293,146.34146341463415,0.0,0.0,0.0,0.0,0.0,0.0,0.0,0.0,35.62123385939742
RA Tripathi,1480.0,1083.0,55.0,61.0,26.90909090909091,136.65743305632503,0.0,0.0,0.0,0.0,0.0,0.0,0.0,0.0,35.40421388399228
MA Agarwal,1403.0,1054.0,48.0,49.0,29.229166666666668,133.11195445920302,0.0,0.0,0.0,0.0,0.0,0.0,0.0,0.0,35.39114089184061
GJ Maxwell,1374.0,941.0,50.0,62.0,27.48,146.01487778958554,25.0,704.0,90.0,37.0,7.822222222222222,28.16,21.6,0.6756756756756757,35.316044626986184
P Simran Singh,745.0,518.0,35.0,34.0,21.285714285714285,143.82239382239382,0.0,0.0,0.0,0.0,0.0,0.0,0.0,0.0,35.15019305019305
AT Rayudu,1048.0,809.0,38.0,47.0,27.57894736842105,129.54264524103831,0.0,0.0,0.0,0.0,0.0,0.0,0.0,0.0,34.18221325873398
SM Curran,792.0,627.0,33.0,41.0,24.0,126.3157894736842,51.0,1546.0,165.0,50.0,9.36969696969697,30.313725490196077,19.41176470588235,1.02,34.123763955342895
CH Gayle,488.0,385.0,17.0,17.0,28.705882352941178,126.75324675324676,0.0,0.0,0.0,0.0,0.0,0.0,0.0,0.0,33.962414056531706
SN Thakur,271.0,209.0,20.0,29.0,13.55,129.66507177033492,62.0,1741.0,199.0,58.0,8.748743718592964,28.080645161290324,19.258064516129032,1.0689655172413792,33.879837261708644
N Wadhera,350.0,261.0,15.0,16.0,23.333333333333332,134.09961685823754,0.0,0.0,0.0,0.0,0.0,0.0,0.0,0.0,33.819923371647505
Abdul Samad,579.0,408.0,32.0,39.0,18.09375,141.91176470588235,0.0,0.0,0.0,0.0,0.0,0.0,0.0,0.0,33.81047794117647
R Powell,360.0,254.0,20.0,22.0,18.0,141.73228346456693,0.0,0.0,0.0,0.0,0.0,0.0,0.0,0.0,33.74645669291339
DJ Mitchell,351.0,274.0,13.0,15.0,27.0,128.1021897810219,0.0,0.0,0.0,0.0,0.0,0.0,0.0,0.0,33.720437956204385
M Shahrukh Khan,559.0,414.0,25.0,38.0,22.36,135.024154589372,0.0,0.0,0.0,0.0,0.0,0.0,0.0,0.0,33.7128309178744
MS Dhoni,811.0,631.0,31.0,59.0,26.161290322580644,128.52614896988908,0.0,0.0,0.0,0.0,0.0,0.0,0.0,0.0,33.55361689075201
HH Pandya,1459.0,1078.0,50.0,67.0,29.18,135.34322820037104,25.0,815.0,92.0,33.0,8.858695652173912,32.6,22.08,0.7575757575757576,33.25676948724153
TA Boult,72.0,70.0,6.0,19.0,12.0,102.85714285714285,87.0,2083.0,267.0,71.0,7.801498127340824,23.942528735632184,18.413793103448278,1.2253521126760563,33.07547457026805
LS Livingstone,884.0,566.0,30.0,36.0,29.466666666666665,156.18374558303887,11.0,385.0,45.0,22.0,8.555555555555555,35.0,24.545454545454547,0.5,32.96563800549666
MM Ali,865.0,666.0,39.0,43.0,22.17948717948718,129.87987987987987,27.0,618.0,89.0,38.0,6.943820224719101,22.88888888888889,19.77777777777778,0.7105263157894737,32.9527079961734
RG Sharma,1732.0,1371.0,71.0,70.0,24.3943661971831,126.33114514952591,0.0,0.0,0.0,0.0,0.0,0.0,0.0,0.0,32.58453888906011
AM Rahane,878.0,678.0,40.0,40.0,21.95,129.4985250737463,0.0,0.0,0.0,0.0,0.0,0.0,0.0,0.0,32.48470501474926
A Badoni,638.0,510.0,27.0,36.0,23.62962962962963,125.09803921568627,0.0,0.0,0.0,0.0,0.0,0.0,0.0,0.0,32.10849673202614
MP Stoinis,1413.0,1009.0,53.0,64.0,26.660377358490567,140.0396432111001,29.0,714.0,76.0,39.0,9.394736842105264,24.620689655172413,15.724137931034482,0.7435897435897436,32.088363037351535
V Shankar,558.0,461.0,26.0,31.0,21.46153846153846,121.04121475054231,9.0,184.0,27.0,12.0,6.814814814814815,20.444444444444443,18.0,0.75,32.017074858940376
KS Williamson,830.0,753.0,25.0,35.0,33.2,110.22576361221779,0.0,0.0,0.0,0.0,0.0,0.0,0.0,0.0,32.00515272244356
MK Pandey,1007.0,862.0,36.0,39.0,27.97222222222222,116.8213457076566,0.0,0.0,0.0,0.0,0.0,0.0,0.0,0.0,31.75593580819799
WP Saha,1169.0,986.0,45.0,50.0,25.977777777777778,118.55983772819472,0.0,0.0,0.0,0.0,0.0,0.0,0.0,0.0,31.505300878972278
SPD Smith,463.0,383.0,19.0,21.0,24.36842105263158,120.88772845953002,0.0,0.0,0.0,0.0,0.0,0.0,0.0,0.0,31.48807200769548
EJG Morgan,552.0,456.0,23.0,29.0,24.0,121.05263157894737,0.0,0.0,0.0,0.0,0.0,0.0,0.0,0.0,31.410526315789475
R Ashwin,425.0,348.0,26.0,39.0,16.346153846153847,122.12643678160919,61.0,2013.0,271.0,73.0,7.428044280442805,33.0,26.65573770491803,0.8356164383561644,31.18537371640567
D Padikkal,1569.0,1333.0,64.0,65.0,24.515625,117.70442610652663,0.0,0.0,0.0,0.0,0.0,0.0,0.0,0.0,30.895572721305328
RV Uthappa,541.0,437.0,27.0,27.0,20.037037037037038,123.79862700228831,0.0,0.0,0.0,0.0,0.0,0.0,0.0,0.0,30.770836511568774
Kuldeep Yadav,144.0,174.0,7.0,25.0,20.571428571428573,82.75862068965517,51.0,1238.0,158.0,44.0,7.8354430379746836,24.274509803921568,18.58823529411765,1.1590909090909092,30.23408481522842
KA Pollard,670.0,483.0,27.0,36.0,24.814814814814813,138.71635610766046,14.0,389.0,49.0,26.0,7.938775510204081,27.785714285714285,21.0,0.5384615384615384,30.079395414799144
A Manohar,231.0,182.0,15.0,16.0,15.4,126.92307692307692,0.0,0.0,0.0,0.0,0.0,0.0,0.0,0.0,30.004615384615388
Anuj Rawat,318.0,276.0,14.0,21.0,22.714285714285715,115.21739130434783,0.0,0.0,0.0,0.0,0.0,0.0,0.0,0.0,29.85776397515528
R Tewatia,908.0,697.0,36.0,54.0,25.22222222222222,130.2725968436155,20.0,739.0,92.0,34.0,8.032608695652174,36.95,27.6,0.5882352941176471,29.320674526438363
Abhishek Sharma,1329.0,891.0,53.0,56.0,25.07547169811321,149.15824915824916,10.0,377.0,45.0,25.0,8.377777777777778,37.7,27.0,0.4,28.598735785528238
JD Unadkat,142.0,116.0,7.0,15.0,20.285714285714285,122.41379310344827,26.0,962.0,105.0,32.0,9.161904761904761,37.0,24.23076923076923,0.8125,28.494663382594418
AJ Finch,354.0,324.0,18.0,17.0,19.666666666666668,109.25925925925925,0.0,0.0,0.0,0.0,0.0,0.0,0.0,0.0,27.751851851851853
S Dube,1471.0,1052.0,47.0,58.0,31.29787234042553,139.82889733840304,6.0,168.0,17.0,12.0,9.882352941176471,28.0,17.0,0.5,27.59043528745532
0,0.0,0.0,0.0,0.0,0.0,0.0,8.0,82.0,13.0,4.0,6.3076923076923075,10.25,9.75,2.0,27.384615384615387
UT Yadav,86.0,78.0,8.0,15.0,10.75,110.25641025641026,27.0,803.0,95.0,29.0,8.452631578947368,29.74074074074074,21.11111111111111,0.9310344827586207,26.99170854855973
RD Chahar,114.0,114.0,14.0,17.0,8.142857142857142,100.0,61.0,1745.0,225.0,62.0,7.7555555555555555,28.60655737704918,22.131147540983605,0.9838709677419355,26.609165386584742
KH Pandya,756.0,652.0,42.0,61.0,18.0,115.95092024539878,40.0,1451.0,202.0,65.0,7.183168316831683,36.275,30.3,0.6153846153846154,26.5315397231087
Harpreet Brar,213.0,187.0,12.0,23.0,17.75,113.90374331550801,25.0,827.0,109.0,37.0,7.587155963302752,33.08,26.16,0.6756756756756757,26.44495025000961
PK Garg,273.0,247.0,19.0,19.0,14.368421052631579,110.5263157894737,0.0,0.0,0.0,0.0,0.0,0.0,0.0,0.0,26.415789473684214
0,0.0,0.0,0.0,0.0,0.0,0.0,38.0,524.0,77.0,20.0,6.805194805194805,13.789473684210526,12.157894736842104,1.9,24.38961038961039
B Kumar,123.0,141.0,11.0,24.0,11.181818181818182,87.2340425531915,54.0,1708.0,218.0,59.0,7.834862385321101,31.62962962962963,24.22222222222222,0.9152542372881356,23.43671394030427
0,0.0,0.0,0.0,0.0,0.0,0.0,15.0,281.0,28.0,7.0,10.035714285714286,18.733333333333334,11.2,2.142857142857143,22.78571428571428
Washington Sundar,303.0,285.0,21.0,26.0,14.428571428571429,106.3157894736842,22.0,866.0,117.0,38.0,7.401709401709402,39.36363636363637,31.90909090909091,0.5789473684210527,22.367257888310522
VR Iyer,1332.0,1008.0,44.0,50.0,30.272727272727273,132.14285714285714,3.0,140.0,14.0,9.0,10.0,46.666666666666664,28.0,0.3333333333333333,22.177056277056273
N Rana,1562.0,1190.0,55.0,61.0,28.4,131.26050420168067,3.0,140.0,16.0,13.0,8.75,46.666666666666664,32.0,0.23076923076923078,21.88748545572075
MK Lomror,499.0,365.0,28.0,32.0,17.821428571428573,136.7123287671233,2.0,96.0,12.0,9.0,8.0,48.0,36.0,0.2222222222222222,21.13333876929768
AK Markram,1010.0,800.0,34.0,43.0,29.705882352941178,126.25,2.0,170.0,21.0,14.0,8.095238095238095,85.0,63.0,0.14285714285714285,20.82843137254902
Lalit Yadav,305.0,301.0,15.0,21.0,20.333333333333332,101.32890365448506,11.0,419.0,48.0,19.0,8.729166666666666,38.09090909090909,26.181818181818183,0.5789473684210527,20.486394765984738
Shahbaz Ahmed,545.0,475.0,30.0,38.0,18.166666666666668,114.73684210526316,21.0,846.0,92.0,43.0,9.195652173913043,40.285714285714285,26.285714285714285,0.4883720930232558,19.77350593369166
DJ Hooda,945.0,744.0,44.0,52.0,21.477272727272727,127.01612903225808,3.0,217.0,25.0,13.0,8.68,72.33333333333333,50.0,0.23076923076923078,19.10179224001805
Ravi Bishnoi,32.0,54.0,8.0,15.0,4.0,59.25925925925925,70.0,1837.0,240.0,66.0,7.654166666666667,26.242857142857144,20.571428571428573,1.0606060606060606,18.955639730639728
0,0.0,0.0,0.0,0.0,0.0,0.0,5.0,81.0,11.0,3.0,7.363636363636363,16.2,13.2,1.6666666666666667,18.60606060606061
0,0.0,0.0,0.0,0.0,0.0,0.0,48.0,854.0,92.0,27.0,9.282608695652174,17.791666666666668,11.5,1.7777777777777777,16.99033816425121
0,0.0,0.0,0.0,0.0,0.0,0.0,23.0,437.0,53.0,14.0,8.245283018867925,19.0,13.826086956521738,1.6428571428571428,16.366576819407005
0,0.0,0.0,0.0,0.0,0.0,0.0,22.0,407.0,45.0,13.0,9.044444444444444,18.5,12.272727272727273,1.6923076923076923,15.757264957264958
R Parag,1017.0,778.0,44.0,54.0,23.113636363636363,130.719794344473,3.0,179.0,16.0,14.0,11.1875,59.666666666666664,32.0,0.21428571428571427,14.988764063699797
0,0.0,0.0,0.0,0.0,0.0,0.0,93.0,1831.0,238.0,62.0,7.69327731092437,19.688172043010752,15.35483870967742,1.5,14.61344537815126
0,0.0,0.0,0.0,0.0,0.0,0.0,29.0,552.0,73.0,20.0,7.561643835616438,19.03448275862069,15.10344827586207,1.45,13.876712328767123
0,0.0,0.0,0.0,0.0,0.0,0.0,39.0,690.0,90.0,27.0,7.666666666666667,17.692307692307693,13.846153846153847,1.4444444444444444,13.555555555555555
0,0.0,0.0,0.0,0.0,0.0,0.0,111.0,2259.0,293.0,77.0,7.709897610921502,20.35135135135135,15.837837837837839,1.4415584415584415,13.411373609325828
0,0.0,0.0,0.0,0.0,0.0,0.0,23.0,456.0,46.0,14.0,9.91304347826087,19.82608695652174,12.0,1.6428571428571428,13.031055900621116
0,0.0,0.0,0.0,0.0,0.0,0.0,26.0,571.0,65.0,17.0,8.784615384615385,21.96153846153846,15.0,1.5294117647058822,13.019004524886874
0,0.0,0.0,0.0,0.0,0.0,0.0,16.0,283.0,35.0,11.0,8.085714285714285,17.6875,13.125,1.4545454545454546,12.919480519480523
0,0.0,0.0,0.0,0.0,0.0,0.0,7.0,138.0,17.0,5.0,8.117647058823529,19.714285714285715,14.571428571428571,1.4,11.764705882352942
0,0.0,0.0,0.0,0.0,0.0,0.0,38.0,813.0,105.0,28.0,7.742857142857143,21.394736842105264,16.57894736842105,1.3571428571428572,11.65714285714286
0,0.0,0.0,0.0,0.0,0.0,0.0,36.0,741.0,92.0,26.0,8.054347826086957,20.583333333333332,15.333333333333334,1.3846153846153846,11.58361204013378
0,0.0,0.0,0.0,0.0,0.0,0.0,76.0,1656.0,197.0,54.0,8.406091370558375,21.789473684210527,15.552631578947368,1.4074074074074074,11.335965407031399
0,0.0,0.0,0.0,0.0,0.0,0.0,11.0,231.0,28.0,8.0,8.25,21.0,15.272727272727273,1.375,11.0
0,0.0,0.0,0.0,0.0,0.0,0.0,50.0,1114.0,131.0,36.0,8.50381679389313,22.28,15.72,1.3888888888888888,10.77014418999152
0,0.0,0.0,0.0,0.0,0.0,0.0,17.0,373.0,42.0,12.0,8.880952380952381,21.941176470588236,14.823529411764707,1.4166666666666667,10.571428571428573
0,0.0,0.0,0.0,0.0,0.0,0.0,32.0,694.0,69.0,21.0,10.057971014492754,21.6875,12.9375,1.5238095238095237,10.360248447204967
0,0.0,0.0,0.0,0.0,0.0,0.0,74.0,1791.0,211.0,55.0,8.488151658767773,24.2027027027027,17.10810810810811,1.3454545454545455,9.932787591555364
0,0.0,0.0,0.0,0.0,0.0,0.0,62.0,1523.0,178.0,46.0,8.5561797752809,24.56451612903226,17.225806451612904,1.3478260869565217,9.844162188568635
0,0.0,0.0,0.0,0.0,0.0,0.0,84.0,1890.0,224.0,63.0,8.4375,22.5,16.0,1.3333333333333333,9.791666666666664
0,0.0,0.0,0.0,0.0,0.0,0.0,27.0,595.0,68.0,20.0,8.75,22.037037037037038,15.11111111111111,1.35,9.5
0,0.0,0.0,0.0,0.0,0.0,0.0,85.0,1969.0,266.0,70.0,7.402255639097745,23.16470588235294,18.776470588235295,1.2142857142857142,9.481203007518795
0,0.0,0.0,0.0,0.0,0.0,0.0,42.0,1031.0,128.0,33.0,8.0546875,24.547619047619047,18.285714285714285,1.2727272727272727,9.345170454545453
0,0.0,0.0,0.0,0.0,0.0,0.0,17.0,406.0,42.0,12.0,9.666666666666666,23.88235294117647,14.823529411764707,1.4166666666666667,9.000000000000004
0,0.0,0.0,0.0,0.0,0.0,0.0,27.0,663.0,68.0,19.0,9.75,24.555555555555557,15.11111111111111,1.4210526315789473,8.921052631578945
0,0.0,0.0,0.0,0.0,0.0,0.0,61.0,1525.0,180.0,48.0,8.472222222222221,25.0,17.704918032786885,1.2708333333333333,8.472222222222221
0,0.0,0.0,0.0,0.0,0.0,0.0,28.0,652.0,87.0,24.0,7.494252873563219,23.285714285714285,18.642857142857142,1.1666666666666667,8.344827586206899
0,0.0,0.0,0.0,0.0,0.0,0.0,44.0,1020.0,121.0,35.0,8.429752066115702,23.181818181818183,16.5,1.2571428571428571,8.283353010625738
0,0.0,0.0,0.0,0.0,0.0,0.0,49.0,1223.0,134.0,37.0,9.126865671641792,24.959183673469386,16.408163265306122,1.3243243243243243,8.232755143202905
0,0.0,0.0,0.0,0.0,0.0,0.0,9.0,230.0,26.0,7.0,8.846153846153847,25.555555555555557,17.333333333333332,1.2857142857142858,8.021978021978022
0,0.0,0.0,0.0,0.0,0.0,0.0,4.0,90.0,15.0,4.0,6.0,22.5,22.5,1.0,8.0
0,0.0,0.0,0.0,0.0,0.0,0.0,13.0,318.0,34.0,10.0,9.352941176470589,24.46153846153846,15.692307692307692,1.3,7.2941176470588225
0,0.0,0.0,0.0,0.0,0.0,0.0,4.0,44.0,10.0,5.0,4.4,11.0,15.0,0.8,7.199999999999999
0,0.0,0.0,0.0,0.0,0.0,0.0,17.0,348.0,45.0,15.0,7.733333333333333,20.470588235294116,15.882352941176471,1.1333333333333333,7.1999999999999975
0,0.0,0.0,0.0,0.0,0.0,0.0,27.0,663.0,81.0,23.0,8.185185185185185,24.555555555555557,18.0,1.173913043478261,7.107890499194848
0,0.0,0.0,0.0,0.0,0.0,0.0,8.0,198.0,25.0,7.0,7.92,24.75,18.75,1.1428571428571428,7.017142857142854
0,0.0,0.0,0.0,0.0,0.0,0.0,22.0,604.0,80.0,20.0,7.55,27.454545454545453,21.818181818181817,1.1,6.9
0,0.0,0.0,0.0,0.0,0.0,0.0,6.0,95.0,11.0,5.0,8.636363636363637,15.833333333333334,11.0,1.2,6.727272727272727
0,0.0,0.0,0.0,0.0,0.0,0.0,26.0,645.0,81.0,23.0,7.962962962962963,24.807692307692307,18.692307692307693,1.1304347826086956,6.682769726247985
0,0.0,0.0,0.0,0.0,0.0,0.0,20.0,533.0,63.0,17.0,8.46031746031746,26.65,18.9,1.1764705882352942,6.608776844070963
0,0.0,0.0,0.0,0.0,0.0,0.0,12.0,324.0,37.0,10.0,8.756756756756756,27.0,18.5,1.2,6.486486486486488
0,0.0,0.0,0.0,0.0,0.0,0.0,21.0,572.0,67.0,18.0,8.537313432835822,27.238095238095237,19.142857142857142,1.1666666666666667,6.258706467661693
0,0.0,0.0,0.0,0.0,0.0,0.0,13.0,331.0,38.0,11.0,8.710526315789474,25.46153846153846,17.53846153846154,1.1818181818181819,6.215311004784688
0,0.0,0.0,0.0,0.0,0.0,0.0,31.0,732.0,83.0,26.0,8.819277108433734,23.612903225806452,16.06451612903226,1.1923076923076923,6.207599629286378
0,0.0,0.0,0.0,0.0,0.0,0.0,14.0,372.0,43.0,12.0,8.651162790697674,26.571428571428573,18.428571428571427,1.1666666666666667,6.031007751937988
0,0.0,0.0,0.0,0.0,0.0,0.0,51.0,1450.0,184.0,48.0,7.880434782608695,28.431372549019606,21.647058823529413,1.0625,5.489130434782609
0,0.0,0.0,0.0,0.0,0.0,0.0,37.0,1035.0,127.0,34.0,8.149606299212598,27.972972972972972,20.594594594594593,1.088235294117647,5.465493283927742
0,0.0,0.0,0.0,0.0,0.0,0.0,13.0,367.0,50.0,13.0,7.34,28.23076923076923,23.076923076923077,1.0,5.32
0,0.0,0.0,0.0,0.0,0.0,0.0,23.0,559.0,67.0,21.0,8.343283582089553,24.304347826086957,17.47826086956522,1.0952380952380953,5.218194740582799
0,0.0,0.0,0.0,0.0,0.0,0.0,20.0,563.0,71.0,19.0,7.929577464788732,28.15,21.3,1.0526315789473684,5.193476649369902
0,0.0,0.0,0.0,0.0,0.0,0.0,11.0,311.0,37.0,10.0,8.405405405405405,28.272727272727273,20.181818181818183,1.1,5.1891891891891895
0,0.0,0.0,0.0,0.0,0.0,0.0,5.0,151.0,15.0,4.0,10.066666666666666,30.2,18.0,1.25,4.866666666666667
0,0.0,0.0,0.0,0.0,0.0,0.0,12.0,285.0,33.0,11.0,8.636363636363637,23.75,16.5,1.0909090909090908,4.545454545454543
0,0.0,0.0,0.0,0.0,0.0,0.0,16.0,432.0,47.0,14.0,9.191489361702128,27.0,17.625,1.1428571428571428,4.474164133738597
0,0.0,0.0,0.0,0.0,0.0,0.0,8.0,239.0,26.0,7.0,9.192307692307692,29.875,19.5,1.1428571428571428,4.472527472527471
0,0.0,0.0,0.0,0.0,0.0,0.0,32.0,903.0,100.0,29.0,9.03,28.21875,18.75,1.103448275862069,4.008965517241382
0,0.0,0.0,0.0,0.0,0.0,0.0,6.0,161.0,20.0,6.0,8.05,26.833333333333332,20.0,1.0,3.8999999999999986
0,0.0,0.0,0.0,0.0,0.0,0.0,27.0,836.0,108.0,28.0,7.7407407407407405,30.962962962962962,24.0,0.9642857142857143,3.8042328042328037
0,0.0,0.0,0.0,0.0,0.0,0.0,47.0,1324.0,167.0,48.0,7.92814371257485,28.170212765957448,21.319148936170212,0.9791666666666666,3.727045908183632
0,0.0,0.0,0.0,0.0,0.0,0.0,66.0,1918.0,239.0,68.0,8.02510460251046,29.060606060606062,21.727272727272727,0.9705882352941176,3.3615555008614315
0,0.0,0.0,0.0,0.0,0.0,0.0,21.0,629.0,70.0,20.0,8.985714285714286,29.952380952380953,20.0,1.05,3.0285714285714285
0,0.0,0.0,0.0,0.0,0.0,0.0,23.0,708.0,79.0,22.0,8.962025316455696,30.782608695652176,20.608695652173914,1.0454545454545454,2.9850402761795145
0,0.0,0.0,0.0,0.0,0.0,0.0,23.0,630.0,65.0,21.0,9.692307692307692,27.391304347826086,16.956521739130434,1.0952380952380953,2.520146520146522
0,0.0,0.0,0.0,0.0,0.0,0.0,15.0,489.0,60.0,16.0,8.15,32.6,24.0,0.9375,2.4499999999999993
0,0.0,0.0,0.0,0.0,0.0,0.0,20.0,600.0,76.0,22.0,7.894736842105263,30.0,22.8,0.9090909090909091,2.392344497607654
0,0.0,0.0,0.0,0.0,0.0,0.0,21.0,591.0,67.0,21.0,8.82089552238806,28.142857142857142,19.142857142857142,1.0,2.35820895522388
0,0.0,0.0,0.0,0.0,0.0,0.0,6.0,184.0,17.0,5.0,10.823529411764707,30.666666666666668,17.0,1.2,2.352941176470587
0,0.0,0.0,0.0,0.0,0.0,0.0,7.0,222.0,25.0,7.0,8.88,31.714285714285715,21.428571428571427,1.0,2.2399999999999984
0,0.0,0.0,0.0,0.0,0.0,0.0,10.0,351.0,39.0,10.0,9.0,35.1,23.4,1.0,2.0
0,0.0,0.0,0.0,0.0,0.0,0.0,12.0,352.0,50.0,15.0,7.04,29.333333333333332,25.0,0.8,1.92
0,0.0,0.0,0.0,0.0,0.0,0.0,9.0,258.0,28.0,9.0,9.214285714285714,28.666666666666668,18.666666666666668,1.0,1.571428571428573
0,0.0,0.0,0.0,0.0,0.0,0.0,7.0,209.0,26.0,8.0,8.038461538461538,29.857142857142858,22.285714285714285,0.875,1.4230769230769234
0,0.0,0.0,0.0,0.0,0.0,0.0,6.0,143.0,15.0,6.0,9.533333333333333,23.833333333333332,15.0,1.0,0.9333333333333336
0,0.0,0.0,0.0,0.0,0.0,0.0,6.0,192.0,20.0,6.0,9.6,32.0,20.0,1.0,0.8000000000000007
0,0.0,0.0,0.0,0.0,0.0,0.0,22.0,754.0,80.0,23.0,9.425,34.27272727272727,21.818181818181817,0.9565217391304348,0.2804347826086939
0,0.0,0.0,0.0,0.0,0.0,0.0,7.0,173.0,15.0,6.0,11.533333333333333,24.714285714285715,12.857142857142858,1.1666666666666667,0.26666666666666927
0,0.0,0.0,0.0,0.0,0.0,0.0,10.0,321.0,39.0,12.0,8.23076923076923,32.1,23.4,0.8333333333333334,0.20512820512820795
0,0.0,0.0,0.0,0.0,0.0,0.0,4.0,104.0,13.0,5.0,8.0,26.0,19.5,0.8,0.0
0,0.0,0.0,0.0,0.0,0.0,0.0,12.0,412.0,47.0,14.0,8.76595744680851,34.333333333333336,23.5,0.8571428571428571,-0.3890577507598785
0,0.0,0.0,0.0,0.0,0.0,0.0,11.0,413.0,47.0,13.0,8.787234042553191,37.54545454545455,25.636363636363637,0.8461538461538461,-0.6513911620294586
0,0.0,0.0,0.0,0.0,0.0,0.0,5.0,173.0,26.0,8.0,6.653846153846154,34.6,31.2,0.625,-0.8076923076923084
0,0.0,0.0,0.0,0.0,0.0,0.0,5.0,177.0,17.0,5.0,10.411764705882353,35.4,20.4,1.0,-0.8235294117647065
0,0.0,0.0,0.0,0.0,0.0,0.0,3.0,105.0,13.0,4.0,8.076923076923077,35.0,26.0,0.75,-1.1538461538461533
0,0.0,0.0,0.0,0.0,0.0,0.0,4.0,146.0,17.0,5.0,8.588235294117647,36.5,25.5,0.8,-1.1764705882352935
0,0.0,0.0,0.0,0.0,0.0,0.0,4.0,147.0,17.0,5.0,8.647058823529411,36.75,25.5,0.8,-1.2941176470588225
0,0.0,0.0,0.0,0.0,0.0,0.0,16.0,585.0,64.0,19.0,9.140625,36.5625,24.0,0.8421052631578947,-1.4391447368421062
0,0.0,0.0,0.0,0.0,0.0,0.0,14.0,525.0,61.0,18.0,8.60655737704918,37.5,26.142857142857142,0.7777777777777778,-1.6575591985428044
0,0.0,0.0,0.0,0.0,0.0,0.0,5.0,185.0,26.0,8.0,7.115384615384615,37.0,31.2,0.625,-1.73076923076923
0,0.0,0.0,0.0,0.0,0.0,0.0,10.0,321.0,32.0,11.0,10.03125,32.1,19.2,0.9090909090909091,-1.8806818181818201
0,0.0,0.0,0.0,0.0,0.0,0.0,7.0,301.0,31.0,8.0,9.709677419354838,43.0,26.571428571428573,0.875,-1.9193548387096762
0,0.0,0.0,0.0,0.0,0.0,0.0,8.0,308.0,28.0,8.0,11.0,38.5,21.0,1.0,-2.0
0,0.0,0.0,0.0,0.0,0.0,0.0,7.0,240.0,27.0,9.0,8.88888888888889,34.285714285714285,23.142857142857142,0.7777777777777778,-2.222222222222223
0,0.0,0.0,0.0,0.0,0.0,0.0,16.0,675.0,72.0,20.0,9.375,42.1875,27.0,0.8,-2.75
0,0.0,0.0,0.0,0.0,0.0,0.0,8.0,274.0,29.0,10.0,9.448275862068966,34.25,21.75,0.8,-2.8965517241379324
0,0.0,0.0,0.0,0.0,0.0,0.0,6.0,161.0,16.0,7.0,10.0625,26.833333333333332,16.0,0.8571428571428571,-2.9821428571428577
0,0.0,0.0,0.0,0.0,0.0,0.0,9.0,325.0,38.0,13.0,8.552631578947368,36.111111111111114,25.333333333333332,0.6923076923076923,-3.2591093117408896
0,0.0,0.0,0.0,0.0,0.0,0.0,4.0,116.0,12.0,5.0,9.666666666666666,29.0,18.0,0.8,-3.333333333333332
0,0.0,0.0,0.0,0.0,0.0,0.0,6.0,266.0,29.0,8.0,9.172413793103448,44.333333333333336,29.0,0.75,-3.344827586206897
0,0.0,0.0,0.0,0.0,0.0,0.0,4.0,195.0,28.0,8.0,6.964285714285714,48.75,42.0,0.5,-3.928571428571429
0,0.0,0.0,0.0,0.0,0.0,0.0,7.0,245.0,29.0,11.0,8.448275862068966,35.0,24.857142857142858,0.6363636363636364,-4.169278996865206
0,0.0,0.0,0.0,0.0,0.0,0.0,6.0,149.0,17.0,9.0,8.764705882352942,24.833333333333332,17.0,0.6666666666666666,-4.196078431372552
0,0.0,0.0,0.0,0.0,0.0,0.0,5.0,177.0,21.0,8.0,8.428571428571429,35.4,25.2,0.625,-4.357142857142858
0,0.0,0.0,0.0,0.0,0.0,0.0,2.0,107.0,12.0,3.0,8.916666666666666,53.5,36.0,0.6666666666666666,-4.5
0,0.0,0.0,0.0,0.0,0.0,0.0,14.0,607.0,67.0,21.0,9.059701492537313,43.357142857142854,28.714285714285715,0.6666666666666666,-4.786069651741293
0,0.0,0.0,0.0,0.0,0.0,0.0,2.0,91.0,10.0,3.0,9.1,45.5,30.0,0.6666666666666666,-4.866666666666667
0,0.0,0.0,0.0,0.0,0.0,0.0,3.0,128.0,15.0,5.0,8.533333333333333,42.666666666666664,30.0,0.6,-5.066666666666666
0,0.0,0.0,0.0,0.0,0.0,0.0,5.0,224.0,23.0,7.0,9.73913043478261,44.8,27.6,0.7142857142857143,-5.192546583850932
0,0.0,0.0,0.0,0.0,0.0,0.0,3.0,152.0,15.0,4.0,10.133333333333333,50.666666666666664,30.0,0.75,-5.266666666666666
0,0.0,0.0,0.0,0.0,0.0,0.0,4.0,179.0,19.0,6.0,9.421052631578947,44.75,28.5,0.6666666666666666,-5.508771929824562
0,0.0,0.0,0.0,0.0,0.0,0.0,2.0,106.0,10.0,3.0,10.6,53.0,30.0,0.6666666666666666,-7.866666666666667
0,0.0,0.0,0.0,0.0,0.0,0.0,2.0,135.0,15.0,4.0,9.0,67.5,45.0,0.5,-8.0
0,0.0,0.0,0.0,0.0,0.0,0.0,4.0,210.0,23.0,8.0,9.130434782608695,52.5,34.5,0.5,-8.26086956521739
0,0.0,0.0,0.0,0.0,0.0,0.0,6.0,247.0,21.0,8.0,11.761904761904763,41.166666666666664,21.0,0.75,-8.523809523809526
0,0.0,0.0,0.0,0.0,0.0,0.0,4.0,151.0,17.0,9.0,8.882352941176471,37.75,25.5,0.4444444444444444,-8.875816993464053
0,0.0,0.0,0.0,0.0,0.0,0.0,4.0,215.0,25.0,10.0,8.6,53.75,37.5,0.4,-9.2
0,0.0,0.0,0.0,0.0,0.0,0.0,6.0,278.0,26.0,10.0,10.692307692307692,46.333333333333336,26.0,0.6,-9.384615384615383
0,0.0,0.0,0.0,0.0,0.0,0.0,3.0,127.0,13.0,6.0,9.76923076923077,42.333333333333336,26.0,0.5,-9.53846153846154
0,0.0,0.0,0.0,0.0,0.0,0.0,5.0,280.0,30.0,11.0,9.333333333333334,56.0,36.0,0.45454545454545453,-9.575757575757578
0,0.0,0.0,0.0,0.0,0.0,0.0,5.0,301.0,34.0,13.0,8.852941176470589,60.2,40.8,0.38461538461538464,-10.013574660633484
0,0.0,0.0,0.0,0.0,0.0,0.0,3.0,133.0,14.0,7.0,9.5,44.333333333333336,28.0,0.42857142857142855,-10.428571428571429
0,0.0,0.0,0.0,0.0,0.0,0.0,1.0,86.0,10.0,3.0,8.6,86.0,60.0,0.3333333333333333,-10.533333333333333
0,0.0,0.0,0.0,0.0,0.0,0.0,1.0,90.0,11.0,4.0,8.181818181818182,90.0,66.0,0.25,-11.363636363636363
0,0.0,0.0,0.0,0.0,0.0,0.0,4.0,198.0,19.0,9.0,10.421052631578947,49.5,28.5,0.4444444444444444,-11.953216374269005
0,0.0,0.0,0.0,0.0,0.0,0.0,2.0,198.0,23.0,8.0,8.608695652173912,99.0,69.0,0.25,-12.217391304347824
0,0.0,0.0,0.0,0.0,0.0,0.0,2.0,136.0,13.0,5.0,10.461538461538462,68.0,39.0,0.4,-12.923076923076923
0,0.0,0.0,0.0,0.0,0.0,0.0,1.0,108.0,12.0,4.0,9.0,108.0,72.0,0.25,-13.0
0,0.0,0.0,0.0,0.0,0.0,0.0,1.0,128.0,12.0,3.0,10.666666666666666,128.0,72.0,0.3333333333333333,-14.666666666666666
0,0.0,0.0,0.0,0.0,0.0,0.0,2.0,186.0,17.0,6.0,10.941176470588236,93.0,51.0,0.3333333333333333,-15.215686274509805
0,0.0,0.0,0.0,0.0,0.0,0.0,2.0,177.0,17.0,8.0,10.411764705882353,88.5,51.0,0.25,-15.823529411764707
