batter,total_runs,total_balls,dismissals,batting_average,strike_rate,total_wickets,total_runs_conceded,total_overs,economy,bowling_average,bowling_strike_rate,wickets_per_match,overall_score,fit_label,matches_played,batting_style,bowling_style
TM Head,634.0,341.0,15.0,42.266666666666666,185.92375366568913,0.0,0.0,0.0,0.0,0.0,0.0,0.0,114.0952101661779,1,16.0,Explosive,Unclassified
Rashid Khan,441.0,288.0,25.0,17.64,153.125,98.0,2083.0,301.0,6.920265780730897,21.255102040816325,18.428571428571427,1.2894736842105263,99.99140737016961,1,76.0,Aggressive,Economical
H Klaasen,961.0,569.0,22.0,43.68181818181818,168.8927943760984,0.0,0.0,0.0,0.0,0.0,0.0,0.0,106.2873062789583,1,27.0,Explosive,Unclassified
T Stubbs,439.0,262.0,10.0,43.9,167.55725190839695,0.0,0.0,0.0,0.0,0.0,0.0,0.0,105.72862595419848,1,18.0,Explosive,Unclassified
Shashank Singh,467.0,289.0,11.0,42.45454545454545,161.5916955017301,0.0,0.0,0.0,0.0,0.0,0.0,0.0,102.02312047813777,1,20.0,Explosive,Unclassified
AD Russell,1088.0,715.0,43.0,25.302325581395348,152.16783216783216,65.0,1062.0,114.0,9.31578947368421,16.338461538461537,10.523076923076923,1.2745098039215685,100.73967566021709,1,53.0,Aggressive,Run-leaking
PD Salt,709.0,417.0,21.0,33.76190476190476,170.02398081534773,0.0,0.0,0.0,0.0,0.0,0.0,0.0,101.89294278862624,1,22.0,Explosive,Unclassified
B Sai Sudharsan,1108.0,814.0,22.0,50.36363636363637,136.11793611793613,0.0,0.0,0.0,0.0,0.0,0.0,0.0,93.24078624078625,1,26.0,Anchor,Unclassified
SA Yadav,2079.0,1352.0,56.0,37.125,153.77218934911244,0.0,0.0,0.0,0.0,0.0,0.0,0.0,95.44859467455622,1,65.0,Aggressive,Unclassified
DP Conway,924.0,669.0,20.0,46.2,138.11659192825113,0.0,0.0,0.0,0.0,0.0,0.0,0.0,92.15829596412556,1,22.0,Anchor,Unclassified
SP Narine,807.0,531.0,45.0,17.933333333333334,151.9774011299435,64.0,1722.0,257.0,6.700389105058366,26.90625,24.09375,0.9552238805970149,89.79432221271799,1,67.0,Aggressive,Economical
N Pooran,1676.0,1064.0,51.0,32.86274509803921,157.5187969924812,0.0,0.0,0.0,0.0,0.0,0.0,0.0,95.19077104526022,1,67.0,Aggressive,Unclassified
AB de Villiers,773.0,511.0,21.0,36.80952380952381,151.27201565557732,0.0,0.0,0.0,0.0,0.0,0.0,0.0,94.04076973255056,1,28.0,Aggressive,Unclassified
RM Patidar,833.0,550.0,25.0,33.32,151.45454545454547,0.0,0.0,0.0,0.0,0.0,0.0,0.0,92.38727272727273,1,25.0,Aggressive,Unclassified
HV Patel,142.0,140.0,17.0,8.352941176470589,101.42857142857142,106.0,1860.0,230.0,8.08695652173913,17.547169811320753,13.018867924528301,1.6825396825396826,137.7175983436853,1,63.0,Defensive,Average
JO Holder,221.0,185.0,16.0,13.8125,119.45945945945947,51.0,1109.0,131.0,8.465648854961833,21.745098039215687,15.411764705882353,1.457142857142857,95.33914580815822,1,35.0,Defensive,Average
TH David,659.0,417.0,23.0,28.652173913043477,158.0335731414868,0.0,0.0,0.0,0.0,0.0,0.0,0.0,93.34287352726514,1,35.0,Aggressive,Unclassified
Tilak Varma,1187.0,856.0,29.0,40.93103448275862,138.66822429906543,0.0,0.0,0.0,0.0,0.0,0.0,0.0,89.79962939091203,1,39.0,Anchor,Unclassified
KL Rahul,2712.0,2113.0,57.0,47.578947368421055,128.3483199242783,0.0,0.0,0.0,0.0,0.0,0.0,0.0,87.96363364634968,1,64.0,Anchor,Unclassified
F du Plessis,2747.0,1956.0,70.0,39.24285714285714,140.439672801636,0.0,0.0,0.0,0.0,0.0,0.0,0.0,89.84126497224656,1,75.0,Aggressive,Unclassified
RD Gaikwad,2433.0,1807.0,57.0,42.68421052631579,134.64305478693967,0.0,0.0,0.0,0.0,0.0,0.0,0.0,88.66363265662773,1,66.0,Anchor,Unclassified
SO Hetmyer,1195.0,804.0,36.0,33.19444444444444,148.6318407960199,0.0,0.0,0.0,0.0,0.0,0.0,0.0,90.91314262023218,1,61.0,Aggressive,Unclassified
JC Buttler,2250.0,1599.0,59.0,38.13559322033898,140.71294559099437,0.0,0.0,0.0,0.0,0.0,0.0,0.0,89.42426940566668,1,62.0,Aggressive,Unclassified
RR Rossouw,420.0,270.0,15.0,28.0,155.55555555555557,0.0,0.0,0.0,0.0,0.0,0.0,0.0,91.77777777777779,1,17.0,Aggressive,Unclassified
0,0.0,0.0,0.0,0.0,0.0,11.0,124.0,16.0,7.75,11.272727272727273,8.727272727272727,2.75,201.9,1,4.0,Unclassified,Unclassified
SV Samson,2276.0,1580.0,64.0,35.5625,144.0506329113924,0.0,0.0,0.0,0.0,0.0,0.0,0.0,89.8065664556962,1,75.0,Aggressive,Unclassified
Dhruv Jurel,417.0,274.0,14.0,29.785714285714285,152.18978102189783,0.0,0.0,0.0,0.0,0.0,0.0,0.0,90.98774765380605,1,23.0,Aggressive,Unclassified
MR Marsh,512.0,369.0,21.0,24.38095238095238,138.75338753387533,17.0,360.0,42.0,8.571428571428571,21.176470588235293,14.823529411764707,1.0625,90.94429926442122,1,23.0,Anchor,Run-leaking
PJ Cummins,438.0,304.0,23.0,19.043478260869566,144.07894736842107,47.0,1433.0,164.0,8.737804878048781,30.48936170212766,20.93617021276596,1.0930232558139534,91.8237431061315,1,43.0,Aggressive,Run-leaking
YBK Jaiswal,1608.0,1101.0,50.0,32.16,146.04904632152588,0.0,0.0,0.0,0.0,0.0,0.0,0.0,89.10452316076294,1,53.0,Aggressive,Unclassified
RK Singh,839.0,596.0,24.0,34.958333333333336,140.7718120805369,0.0,0.0,0.0,0.0,0.0,0.0,0.0,87.86507270693512,1,34.0,Aggressive,Unclassified
DA Miller,1101.0,816.0,29.0,37.96551724137931,134.9264705882353,0.0,0.0,0.0,0.0,0.0,0.0,0.0,86.4459939148073,1,47.0,Anchor,Unclassified
K Rabada,137.0,124.0,10.0,13.7,110.48387096774192,90.0,1988.0,240.0,8.283333333333333,22.08888888888889,16.0,1.4285714285714286,122.40095238095239,1,63.0,Defensive,Average
Shubman Gill,2750.0,2062.0,73.0,37.67123287671233,133.36566440349176,0.0,0.0,0.0,0.0,0.0,0.0,0.0,85.51844864010205,1,77.0,Anchor,Unclassified
V Kohli,2656.0,2061.0,66.0,40.24242424242424,128.86948083454635,0.0,0.0,0.0,0.0,0.0,0.0,0.0,84.5559525384853,1,76.0,Anchor,Unclassified
Ishan Kishan,2055.0,1497.0,60.0,34.25,137.2745490981964,0.0,0.0,0.0,0.0,0.0,0.0,0.0,85.7622745490982,1,67.0,Anchor,Unclassified
S Dhawan,2190.0,1708.0,56.0,39.107142857142854,128.22014051522248,0.0,0.0,0.0,0.0,0.0,0.0,0.0,83.66364168618267,1,63.0,Anchor,Unclassified
RA Jadeja,1049.0,764.0,32.0,32.78125,137.30366492146598,53.0,1705.0,226.0,7.54424778761062,32.16981132075472,25.58490566037736,0.7571428571428571,83.72666488713008,1,70.0,Anchor,Average
C Green,707.0,472.0,20.0,35.35,149.78813559322032,20.0,634.0,74.0,8.567567567567568,31.7,22.2,0.6896551724137931,85.26067555720536,1,29.0,Aggressive,Run-leaking
JJ Bumrah,33.0,41.0,4.0,8.25,80.48780487804879,89.0,1483.0,223.0,6.650224215246637,16.662921348314608,15.03370786516854,1.5892857142857142,132.6970531710442,1,56.0,Defensive,Economical
KD Karthik,1188.0,798.0,49.0,24.244897959183675,148.87218045112783,0.0,0.0,0.0,0.0,0.0,0.0,0.0,86.55853920515575,1,71.0,Aggressive,Unclassified
DA Warner,1861.0,1451.0,50.0,37.22,128.2563749138525,0.0,0.0,0.0,0.0,0.0,0.0,0.0,82.73818745692625,1,58.0,Anchor,Unclassified
PP Shaw,1294.0,886.0,53.0,24.41509433962264,146.04966139954854,0.0,0.0,0.0,0.0,0.0,0.0,0.0,85.23237786958559,1,54.0,Aggressive,Unclassified
JM Sharma,730.0,501.0,32.0,22.8125,145.70858283433134,0.0,0.0,0.0,0.0,0.0,0.0,0.0,84.26054141716567,1,36.0,Aggressive,Unclassified
SS Iyer,1543.0,1219.0,44.0,35.06818181818182,126.5791632485644,0.0,0.0,0.0,0.0,0.0,0.0,0.0,80.82367253337311,1,54.0,Anchor,Unclassified
JM Bairstow,1144.0,840.0,40.0,28.6,136.1904761904762,0.0,0.0,0.0,0.0,0.0,0.0,0.0,82.3952380952381,1,40.0,Anchor,Unclassified
Q de Kock,1708.0,1281.0,56.0,30.5,133.33333333333331,0.0,0.0,0.0,0.0,0.0,0.0,0.0,81.91666666666666,1,58.0,Anchor,Unclassified
AR Patel,879.0,674.0,36.0,24.416666666666668,130.4154302670623,55.0,1633.0,235.0,6.948936170212766,29.69090909090909,25.636363636363637,0.8088235294117647,81.58294288174264,1,68.0,Anchor,Economical
RR Pant,1555.0,1198.0,48.0,32.395833333333336,129.79966611018364,0.0,0.0,0.0,0.0,0.0,0.0,0.0,81.09774972175849,1,57.0,Anchor,Unclassified
Abishek Porel,360.0,246.0,17.0,21.176470588235293,146.34146341463415,0.0,0.0,0.0,0.0,0.0,0.0,0.0,83.75896700143473,1,17.0,Aggressive,Unclassified
RA Tripathi,1480.0,1083.0,55.0,26.90909090909091,136.65743305632503,0.0,0.0,0.0,0.0,0.0,0.0,0.0,81.78326198270797,1,61.0,Anchor,Unclassified
MA Agarwal,1403.0,1054.0,48.0,29.229166666666668,133.11195445920302,0.0,0.0,0.0,0.0,0.0,0.0,0.0,81.17056056293484,1,49.0,Anchor,Unclassified
GJ Maxwell,1374.0,941.0,50.0,27.48,146.01487778958554,25.0,704.0,90.0,7.822222222222222,28.16,21.6,0.6756756756756757,82.07954527322221,1,62.0,Aggressive,Average
P Simran Singh,745.0,518.0,35.0,21.285714285714285,143.82239382239382,0.0,0.0,0.0,0.0,0.0,0.0,0.0,82.55405405405405,1,34.0,Aggressive,Unclassified
AT Rayudu,1048.0,809.0,38.0,27.57894736842105,129.54264524103831,0.0,0.0,0.0,0.0,0.0,0.0,0.0,78.56079630472968,1,47.0,Anchor,Unclassified
SM Curran,792.0,627.0,33.0,24.0,126.3157894736842,51.0,1546.0,165.0,9.36969696969697,30.313725490196077,19.41176470588235,1.02,86.30500797448167,1,50.0,Anchor,Run-leaking
CH Gayle,488.0,385.0,17.0,28.705882352941178,126.75324675324676,0.0,0.0,0.0,0.0,0.0,0.0,0.0,77.72956455309397,1,17.0,Anchor,Unclassified
SN Thakur,271.0,209.0,20.0,13.55,129.66507177033492,62.0,1741.0,199.0,8.748743718592964,28.080645161290324,19.258064516129032,1.0689655172413792,86.12298471610652,1,58.0,Anchor,Run-leaking
N Wadhera,350.0,261.0,15.0,23.333333333333332,134.09961685823754,0.0,0.0,0.0,0.0,0.0,0.0,0.0,78.71647509578544,1,16.0,Anchor,Unclassified
Abdul Samad,579.0,408.0,32.0,18.09375,141.91176470588235,0.0,0.0,0.0,0.0,0.0,0.0,0.0,80.00275735294117,1,39.0,Aggressive,Unclassified
R Powell,360.0,254.0,20.0,18.0,141.73228346456693,0.0,0.0,0.0,0.0,0.0,0.0,0.0,79.86614173228347,1,22.0,Aggressive,Unclassified
DJ Mitchell,351.0,274.0,13.0,27.0,128.1021897810219,0.0,0.0,0.0,0.0,0.0,0.0,0.0,77.55109489051095,1,15.0,Anchor,Unclassified
M Shahrukh Khan,559.0,414.0,25.0,22.36,135.024154589372,0.0,0.0,0.0,0.0,0.0,0.0,0.0,78.69207729468599,1,38.0,Anchor,Unclassified
MS Dhoni,811.0,631.0,31.0,26.161290322580644,128.52614896988908,0.0,0.0,0.0,0.0,0.0,0.0,0.0,77.34371964623486,1,59.0,Anchor,Unclassified
HH Pandya,1459.0,1078.0,50.0,29.18,135.34322820037104,25.0,815.0,92.0,8.858695652173912,32.6,22.08,0.7575757575757576,82.08634064693071,1,67.0,Anchor,Run-leaking
TA Boult,72.0,70.0,6.0,12.0,102.85714285714285,87.0,2083.0,267.0,7.801498127340824,23.942528735632184,18.413793103448278,1.2253521126760563,110.40052750962704,1,71.0,Defensive,Average
LS Livingstone,884.0,566.0,30.0,29.466666666666665,156.18374558303887,11.0,385.0,45.0,8.555555555555555,35.0,24.545454545454547,0.5,79.70149195131528,1,36.0,Aggressive,Run-leaking
MM Ali,865.0,666.0,39.0,22.17948717948718,129.87987987987987,27.0,618.0,89.0,6.943820224719101,22.88888888888889,19.77777777777778,0.7105263157894737,77.94186719358215,1,43.0,Anchor,Economical
RG Sharma,1732.0,1371.0,71.0,24.3943661971831,126.33114514952591,0.0,0.0,0.0,0.0,0.0,0.0,0.0,75.3627556733545,1,70.0,Anchor,Unclassified
AM Rahane,878.0,678.0,40.0,21.95,129.4985250737463,0.0,0.0,0.0,0.0,0.0,0.0,0.0,75.72426253687314,1,40.0,Anchor,Unclassified
A Badoni,638.0,510.0,27.0,23.62962962962963,125.09803921568627,0.0,0.0,0.0,0.0,0.0,0.0,0.0,74.36383442265794,1,36.0,Anchor,Unclassified
MP Stoinis,1413.0,1009.0,53.0,26.660377358490567,140.0396432111001,29.0,714.0,76.0,9.394736842105264,24.620689655172413,15.724137931034482,0.7435897435897436,82.10375008166892,1,64.0,Aggressive,Run-leaking
V Shankar,558.0,461.0,26.0,21.46153846153846,121.04121475054231,9.0,184.0,27.0,6.814814814814815,20.444444444444443,18.0,0.75,76.76272534005723,1,31.0,Anchor,Economical
KS Williamson,830.0,753.0,25.0,33.2,110.22576361221779,0.0,0.0,0.0,0.0,0.0,0.0,0.0,71.7128818061089,1,35.0,Defensive,Unclassified
MK Pandey,1007.0,862.0,36.0,27.97222222222222,116.8213457076566,0.0,0.0,0.0,0.0,0.0,0.0,0.0,72.39678396493942,1,39.0,Defensive,Unclassified
WP Saha,1169.0,986.0,45.0,25.977777777777778,118.55983772819472,0.0,0.0,0.0,0.0,0.0,0.0,0.0,72.26880775298625,1,50.0,Defensive,Unclassified
SPD Smith,463.0,383.0,19.0,24.36842105263158,120.88772845953002,0.0,0.0,0.0,0.0,0.0,0.0,0.0,72.6280747560808,1,21.0,Anchor,Unclassified
EJG Morgan,552.0,456.0,23.0,24.0,121.05263157894737,0.0,0.0,0.0,0.0,0.0,0.0,0.0,72.52631578947368,1,29.0,Anchor,Unclassified
R Ashwin,425.0,348.0,26.0,16.346153846153847,122.12643678160919,61.0,2013.0,271.0,7.428044280442805,33.0,26.65573770491803,0.8356164383561644,78.20103195153712,1,73.0,Anchor,Economical
D Padikkal,1569.0,1333.0,64.0,24.515625,117.70442610652663,0.0,0.0,0.0,0.0,0.0,0.0,0.0,71.11002555326331,1,65.0,Defensive,Unclassified
RV Uthappa,541.0,437.0,27.0,20.037037037037038,123.79862700228831,0.0,0.0,0.0,0.0,0.0,0.0,0.0,71.91783201966268,1,27.0,Anchor,Unclassified
Kuldeep Yadav,144.0,174.0,7.0,20.571428571428573,82.75862068965517,51.0,1238.0,158.0,7.8354430379746836,24.274509803921568,18.58823529411765,1.1590909090909092,106.41127733026468,1,44.0,Defensive,Average
KA Pollard,670.0,483.0,27.0,24.814814814814813,138.71635610766046,14.0,389.0,49.0,7.938775510204081,27.785714285714285,21.0,0.5384615384615384,75.44888378242416,1,36.0,Anchor,Average
A Manohar,231.0,182.0,15.0,15.4,126.92307692307692,0.0,0.0,0.0,0.0,0.0,0.0,0.0,71.16153846153846,1,16.0,Anchor,Unclassified
Anuj Rawat,318.0,276.0,14.0,22.714285714285715,115.21739130434783,0.0,0.0,0.0,0.0,0.0,0.0,0.0,68.96583850931677,1,21.0,Defensive,Unclassified
R Tewatia,908.0,697.0,36.0,25.22222222222222,130.2725968436155,20.0,739.0,92.0,8.032608695652174,36.95,27.6,0.5882352941176471,74.91424185085842,1,54.0,Anchor,Average
Abhishek Sharma,1329.0,891.0,53.0,25.07547169811321,149.15824915824916,10.0,377.0,45.0,8.377777777777778,37.7,27.0,0.4,73.88287465853503,1,56.0,Aggressive,Average
JD Unadkat,142.0,116.0,7.0,20.285714285714285,122.41379310344827,26.0,962.0,105.0,9.161904761904761,37.0,24.23076923076923,0.8125,85.0852380952381,1,32.0,Anchor,Run-leaking
AJ Finch,354.0,324.0,18.0,19.666666666666668,109.25925925925925,0.0,0.0,0.0,0.0,0.0,0.0,0.0,64.46296296296296,1,17.0,Defensive,Unclassified
S Dube,1471.0,1052.0,47.0,31.29787234042553,139.82889733840304,6.0,168.0,17.0,9.882352941176471,28.0,17.0,0.5,75.80522183147185,1,58.0,Anchor,Run-leaking
0,0.0,0.0,0.0,0.0,0.0,8.0,82.0,13.0,6.3076923076923075,10.25,9.75,2.0,157.47692307692307,1,4.0,Unclassified,Unclassified
UT Yadav,86.0,78.0,8.0,10.75,110.25641025641026,27.0,803.0,95.0,8.452631578947368,29.74074074074074,21.11111111111111,0.9310344827586207,92.4810163339383,0,29.0,Defensive,Average
RD Chahar,114.0,114.0,14.0,8.142857142857142,100.0,61.0,1745.0,225.0,7.7555555555555555,28.60655737704918,22.131147540983605,0.9838709677419355,95.9300358422939,0,62.0,Defensive,Average
KH Pandya,756.0,652.0,42.0,18.0,115.95092024539878,40.0,1451.0,202.0,7.183168316831683,36.275,30.3,0.6153846153846154,70.51263485952182,0,65.0,Defensive,Economical
Harpreet Brar,213.0,187.0,12.0,17.75,113.90374331550801,25.0,827.0,109.0,7.587155963302752,33.08,26.16,0.6756756756756757,71.66627490648672,0,37.0,Defensive,Average
PK Garg,273.0,247.0,19.0,14.368421052631579,110.5263157894737,0.0,0.0,0.0,0.0,0.0,0.0,0.0,62.44736842105264,1,19.0,Defensive,Unclassified
0,0.0,0.0,0.0,0.0,0.0,38.0,524.0,77.0,6.805194805194805,13.789473684210526,12.157894736842104,1.9,151.27792207792209,1,20.0,Defensive,Economical
B Kumar,123.0,141.0,11.0,11.181818181818182,87.2340425531915,54.0,1708.0,218.0,7.834862385321101,31.62962962962963,24.22222222222222,0.9152542372881356,91.7813092831597,0,59.0,Defensive,Average
0,0.0,0.0,0.0,0.0,0.0,15.0,281.0,28.0,10.035714285714286,18.733333333333334,11.2,2.142857142857143,164.55714285714285,1,7.0,Unclassified,Unclassified
Washington Sundar,303.0,285.0,21.0,14.428571428571429,106.3157894736842,22.0,866.0,117.0,7.401709401709402,39.36363636363637,31.90909090909091,0.5789473684210527,66.07416939785361,0,38.0,Defensive,Economical
VR Iyer,1332.0,1008.0,44.0,30.272727272727273,132.14285714285714,3.0,140.0,14.0,10.0,46.666666666666664,28.0,0.3333333333333333,81.20779220779221,1,50.0,Anchor,Run-leaking
N Rana,1562.0,1190.0,55.0,28.4,131.26050420168067,3.0,140.0,16.0,8.75,46.666666666666664,32.0,0.23076923076923078,79.83025210084034,1,61.0,Anchor,Run-leaking
MK Lomror,499.0,365.0,28.0,17.821428571428573,136.7123287671233,2.0,96.0,12.0,8.0,48.0,36.0,0.2222222222222222,77.26687866927594,1,32.0,Anchor,Average
AK Markram,1010.0,800.0,34.0,29.705882352941178,126.25,2.0,170.0,21.0,8.095238095238095,85.0,63.0,0.14285714285714285,77.9779411764706,1,43.0,Anchor,Average
Lalit Yadav,305.0,301.0,15.0,20.333333333333332,101.32890365448506,11.0,419.0,48.0,8.729166666666666,38.09090909090909,26.181818181818183,0.5789473684210527,66.03814696625284,0,21.0,Defensive,Run-leaking
Shahbaz Ahmed,545.0,475.0,30.0,18.166666666666668,114.73684210526316,21.0,846.0,92.0,9.195652173913043,40.285714285714285,26.285714285714285,0.4883720930232558,66.03790954889752,0,43.0,Defensive,Run-leaking
DJ Hooda,945.0,744.0,44.0,21.477272727272727,127.01612903225808,3.0,217.0,25.0,8.68,72.33333333333333,50.0,0.23076923076923078,74.2467008797654,1,52.0,Anchor,Run-leaking
Ravi Bishnoi,32.0,54.0,8.0,4.0,59.25925925925925,70.0,1837.0,240.0,7.654166666666667,26.242857142857144,20.571428571428573,1.0606060606060606,100.57469696969696,1,66.0,Defensive,Average
0,0.0,0.0,0.0,0.0,0.0,5.0,81.0,11.0,7.363636363636363,16.2,13.2,1.6666666666666667,137.05454545454546,1,3.0,Unclassified,Unclassified
0,0.0,0.0,0.0,0.0,0.0,48.0,854.0,92.0,9.282608695652174,17.791666666666668,11.5,1.7777777777777777,142.9536231884058,1,27.0,Defensive,Run-leaking
0,0.0,0.0,0.0,0.0,0.0,23.0,437.0,53.0,8.245283018867925,19.0,13.826086956521738,1.6428571428571428,135.2733153638814,1,14.0,Defensive,Average
0,0.0,0.0,0.0,0.0,0.0,22.0,407.0,45.0,9.044444444444444,18.5,12.272727272727273,1.6923076923076923,137.92068376068374,1,13.0,Defensive,Run-leaking
R Parag,1017.0,778.0,44.0,23.113636363636363,130.719794344473,3.0,179.0,16.0,11.1875,59.666666666666664,32.0,0.21428571428571427,76.91671535405469,1,54.0,Anchor,Run-leaking
0,0.0,0.0,0.0,0.0,0.0,93.0,1831.0,238.0,7.69327731092437,19.688172043010752,15.35483870967742,1.5,126.92268907563025,1,62.0,Defensive,Average
0,0.0,0.0,0.0,0.0,0.0,29.0,552.0,73.0,7.561643835616438,19.03448275862069,15.10344827586207,1.45,123.97534246575343,1,20.0,Defensive,Average
0,0.0,0.0,0.0,0.0,0.0,39.0,690.0,90.0,7.666666666666667,17.692307692307693,13.846153846153847,1.4444444444444444,123.6,1,27.0,Defensive,Average
0,0.0,0.0,0.0,0.0,0.0,111.0,2259.0,293.0,7.709897610921502,20.35135135135135,15.837837837837839,1.4415584415584415,123.40954744913789,1,77.0,Defensive,Average
0,0.0,0.0,0.0,0.0,0.0,23.0,456.0,46.0,9.91304347826087,19.82608695652174,12.0,1.6428571428571428,134.6062111801242,1,14.0,Defensive,Run-leaking
0,0.0,0.0,0.0,0.0,0.0,26.0,571.0,65.0,8.784615384615385,21.96153846153846,15.0,1.5294117647058822,128.25085972850678,1,17.0,Defensive,Run-leaking
0,0.0,0.0,0.0,0.0,0.0,16.0,283.0,35.0,8.085714285714285,17.6875,13.125,1.4545454545454546,124.03844155844158,1,11.0,Defensive,Average
0,0.0,0.0,0.0,0.0,0.0,7.0,138.0,17.0,8.117647058823529,19.714285714285715,14.571428571428571,1.4,120.75294117647059,1,5.0,Unclassified,Unclassified
0,0.0,0.0,0.0,0.0,0.0,38.0,813.0,105.0,7.742857142857143,21.394736842105264,16.57894736842105,1.3571428571428572,118.33142857142857,1,28.0,Defensive,Average
0,0.0,0.0,0.0,0.0,0.0,36.0,741.0,92.0,8.054347826086957,20.583333333333332,15.333333333333334,1.3846153846153846,119.8551839464883,1,26.0,Defensive,Average
0,0.0,0.0,0.0,0.0,0.0,76.0,1656.0,197.0,8.406091370558375,21.789473684210527,15.552631578947368,1.4074074074074074,121.08200789622109,1,54.0,Defensive,Average
0,0.0,0.0,0.0,0.0,0.0,11.0,231.0,28.0,8.25,21.0,15.272727272727273,1.375,119.2,1,8.0,Unclassified,Unclassified
0,0.0,0.0,0.0,0.0,0.0,50.0,1114.0,131.0,8.50381679389313,22.28,15.72,1.3888888888888888,119.93180661577608,1,36.0,Defensive,Run-leaking
0,0.0,0.0,0.0,0.0,0.0,17.0,373.0,42.0,8.880952380952381,21.941176470588236,14.823529411764707,1.4166666666666667,121.44761904761904,1,12.0,Defensive,Run-leaking
0,0.0,0.0,0.0,0.0,0.0,32.0,694.0,69.0,10.057971014492754,21.6875,12.9375,1.5238095238095237,127.40538302277432,1,21.0,Defensive,Run-leaking
0,0.0,0.0,0.0,0.0,0.0,74.0,1791.0,211.0,8.488151658767773,24.2027027027027,17.10810810810811,1.3454545454545455,117.33201206376563,1,55.0,Defensive,Average
0,0.0,0.0,0.0,0.0,0.0,62.0,1523.0,178.0,8.5561797752809,24.56451612903226,17.225806451612904,1.3478260869565217,117.44709330727895,1,46.0,Defensive,Run-leaking
0,0.0,0.0,0.0,0.0,0.0,84.0,1890.0,224.0,8.4375,22.5,16.0,1.3333333333333333,116.625,1,63.0,Defensive,Average
0,0.0,0.0,0.0,0.0,0.0,27.0,595.0,68.0,8.75,22.037037037037038,15.11111111111111,1.35,117.5,1,20.0,Defensive,Run-leaking
0,0.0,0.0,0.0,0.0,0.0,85.0,1969.0,266.0,7.402255639097745,23.16470588235294,18.776470588235295,1.2142857142857142,109.89624060150375,1,70.0,Defensive,Economical
0,0.0,0.0,0.0,0.0,0.0,42.0,1031.0,128.0,8.0546875,24.547619047619047,18.285714285714285,1.2727272727272727,113.14176136363636,1,33.0,Defensive,Average
0,0.0,0.0,0.0,0.0,0.0,17.0,406.0,42.0,9.666666666666666,23.88235294117647,14.823529411764707,1.4166666666666667,121.13333333333333,1,12.0,Defensive,Run-leaking
0,0.0,0.0,0.0,0.0,0.0,27.0,663.0,68.0,9.75,24.555555555555557,15.11111111111111,1.4210526315789473,121.36315789473684,1,19.0,Defensive,Run-leaking
0,0.0,0.0,0.0,0.0,0.0,61.0,1525.0,180.0,8.472222222222221,25.0,17.704918032786885,1.2708333333333333,112.86111111111111,1,48.0,Defensive,Average
0,0.0,0.0,0.0,0.0,0.0,28.0,652.0,87.0,7.494252873563219,23.285714285714285,18.642857142857142,1.1666666666666667,107.00229885057472,1,24.0,Defensive,Economical
0,0.0,0.0,0.0,0.0,0.0,44.0,1020.0,121.0,8.429752066115702,23.181818181818183,16.5,1.2571428571428571,112.05667060212515,1,35.0,Defensive,Average
0,0.0,0.0,0.0,0.0,0.0,49.0,1223.0,134.0,9.126865671641792,24.959183673469386,16.408163265306122,1.3243243243243243,115.80871319080275,1,37.0,Defensive,Run-leaking
0,0.0,0.0,0.0,0.0,0.0,9.0,230.0,26.0,8.846153846153847,25.555555555555557,17.333333333333332,1.2857142857142858,113.60439560439562,1,7.0,Unclassified,Unclassified
0,0.0,0.0,0.0,0.0,0.0,4.0,90.0,15.0,6.0,22.5,22.5,1.0,0.0,1,4.0,Unclassified,Unclassified
0,0.0,0.0,0.0,0.0,0.0,13.0,318.0,34.0,9.352941176470589,24.46153846153846,15.692307692307692,1.3,114.25882352941176,1,10.0,Defensive,Run-leaking
0,0.0,0.0,0.0,0.0,0.0,4.0,44.0,10.0,4.4,11.0,15.0,0.8,0.0,1,5.0,Unclassified,Unclassified
0,0.0,0.0,0.0,0.0,0.0,17.0,348.0,45.0,7.733333333333333,20.470588235294116,15.882352941176471,1.1333333333333333,104.90666666666667,1,15.0,Defensive,Average
0,0.0,0.0,0.0,0.0,0.0,27.0,663.0,81.0,8.185185185185185,24.555555555555557,18.0,1.173913043478261,107.16070853462159,1,23.0,Defensive,Average
0,0.0,0.0,0.0,0.0,0.0,8.0,198.0,25.0,7.92,24.75,18.75,1.1428571428571428,105.40342857142858,1,7.0,Unclassified,Unclassified
0,0.0,0.0,0.0,0.0,0.0,22.0,604.0,80.0,7.55,27.454545454545453,21.818181818181817,1.1,102.98,1,20.0,Defensive,Average
0,0.0,0.0,0.0,0.0,0.0,6.0,95.0,11.0,8.636363636363637,15.833333333333334,11.0,1.2,108.54545454545455,1,5.0,Unclassified,Unclassified
0,0.0,0.0,0.0,0.0,0.0,26.0,645.0,81.0,7.962962962962963,24.807692307692307,18.692307692307693,1.1304347826086956,104.64090177133656,1,23.0,Defensive,Average
0,0.0,0.0,0.0,0.0,0.0,20.0,533.0,63.0,8.46031746031746,26.65,18.9,1.1764705882352942,107.20410830999067,1,17.0,Defensive,Average
0,0.0,0.0,0.0,0.0,0.0,12.0,324.0,37.0,8.756756756756756,27.0,18.5,1.2,108.49729729729731,1,10.0,Defensive,Run-leaking
0,0.0,0.0,0.0,0.0,0.0,21.0,572.0,67.0,8.537313432835822,27.238095238095237,19.142857142857142,1.1666666666666667,106.58507462686568,1,18.0,Defensive,Run-leaking
0,0.0,0.0,0.0,0.0,0.0,13.0,331.0,38.0,8.710526315789474,25.46153846153846,17.53846153846154,1.1818181818181819,107.42488038277511,1,11.0,Defensive,Run-leaking
0,0.0,0.0,0.0,0.0,0.0,31.0,732.0,83.0,8.819277108433734,23.612903225806452,16.06451612903226,1.1923076923076923,108.01075069508803,1,26.0,Defensive,Run-leaking
0,0.0,0.0,0.0,0.0,0.0,14.0,372.0,43.0,8.651162790697674,26.571428571428573,18.428571428571427,1.1666666666666667,106.53953488372093,1,12.0,Defensive,Run-leaking
0,0.0,0.0,0.0,0.0,0.0,51.0,1450.0,184.0,7.880434782608695,28.431372549019606,21.647058823529413,1.0625,100.59782608695653,1,48.0,Defensive,Average
0,0.0,0.0,0.0,0.0,0.0,37.0,1035.0,127.0,8.149606299212598,27.972972972972972,20.594594594594593,1.088235294117647,102.03427512737377,1,34.0,Defensive,Average
0,0.0,0.0,0.0,0.0,0.0,13.0,367.0,50.0,7.34,28.23076923076923,23.076923076923077,1.0,97.064,1,13.0,Defensive,Economical
0,0.0,0.0,0.0,0.0,0.0,23.0,559.0,67.0,8.343283582089553,24.304347826086957,17.47826086956522,1.0952380952380953,102.3769722814499,1,21.0,Defensive,Average
0,0.0,0.0,0.0,0.0,0.0,20.0,563.0,71.0,7.929577464788732,28.15,21.3,1.0526315789473684,99.9860637509266,1,19.0,Defensive,Average
0,0.0,0.0,0.0,0.0,0.0,11.0,311.0,37.0,8.405405405405405,28.272727272727273,20.181818181818183,1.1,102.63783783783785,1,10.0,Defensive,Average
0,0.0,0.0,0.0,0.0,0.0,5.0,151.0,15.0,10.066666666666666,30.2,18.0,1.25,110.97333333333333,1,4.0,Unclassified,Unclassified
0,0.0,0.0,0.0,0.0,0.0,12.0,285.0,33.0,8.636363636363637,23.75,16.5,1.0909090909090908,102.0,1,11.0,Defensive,Run-leaking
0,0.0,0.0,0.0,0.0,0.0,16.0,432.0,47.0,9.191489361702128,27.0,17.625,1.1428571428571428,104.89483282674772,1,14.0,Defensive,Run-leaking
0,0.0,0.0,0.0,0.0,0.0,8.0,239.0,26.0,9.192307692307692,29.875,19.5,1.1428571428571428,104.8945054945055,1,7.0,Unclassified,Unclassified
0,0.0,0.0,0.0,0.0,0.0,32.0,903.0,100.0,9.03,28.21875,18.75,1.103448275862069,102.59489655172413,1,29.0,Defensive,Run-leaking
0,0.0,0.0,0.0,0.0,0.0,6.0,161.0,20.0,8.05,26.833333333333332,20.0,1.0,96.78,1,6.0,Unclassified,Unclassified
0,0.0,0.0,0.0,0.0,0.0,27.0,836.0,108.0,7.7407407407407405,30.962962962962962,24.0,0.9642857142857143,94.76084656084657,0,28.0,Defensive,Average
0,0.0,0.0,0.0,0.0,0.0,47.0,1324.0,167.0,7.92814371257485,28.170212765957448,21.319148936170212,0.9791666666666666,95.57874251497006,0,48.0,Defensive,Average
0,0.0,0.0,0.0,0.0,0.0,66.0,1918.0,239.0,8.02510460251046,29.060606060606062,21.727272727272727,0.9705882352941176,95.02525227664287,0,68.0,Defensive,Average
0,0.0,0.0,0.0,0.0,0.0,21.0,629.0,70.0,8.985714285714286,29.952380952380953,20.0,1.05,99.40571428571428,1,20.0,Defensive,Run-leaking
0,0.0,0.0,0.0,0.0,0.0,23.0,708.0,79.0,8.962025316455696,30.782608695652176,20.608695652173914,1.0454545454545454,99.14246260069045,1,22.0,Defensive,Run-leaking
0,0.0,0.0,0.0,0.0,0.0,23.0,630.0,65.0,9.692307692307692,27.391304347826086,16.956521739130434,1.0952380952380953,101.83736263736265,1,21.0,Defensive,Run-leaking
0,0.0,0.0,0.0,0.0,0.0,15.0,489.0,60.0,8.15,32.6,24.0,0.9375,92.99000000000001,0,16.0,Defensive,Average
0,0.0,0.0,0.0,0.0,0.0,20.0,600.0,76.0,7.894736842105263,30.0,22.8,0.9090909090909091,91.38755980861245,0,22.0,Defensive,Average
0,0.0,0.0,0.0,0.0,0.0,21.0,591.0,67.0,8.82089552238806,28.142857142857142,19.142857142857142,1.0,96.47164179104479,1,21.0,Defensive,Run-leaking
0,0.0,0.0,0.0,0.0,0.0,6.0,184.0,17.0,10.823529411764707,30.666666666666668,17.0,1.2,107.67058823529412,1,5.0,Unclassified,Unclassified
0,0.0,0.0,0.0,0.0,0.0,7.0,222.0,25.0,8.88,31.714285714285715,21.428571428571427,1.0,96.44800000000001,1,7.0,Unclassified,Unclassified
0,0.0,0.0,0.0,0.0,0.0,10.0,351.0,39.0,9.0,35.1,23.4,1.0,96.4,1,10.0,Defensive,Run-leaking
0,0.0,0.0,0.0,0.0,0.0,12.0,352.0,50.0,7.04,29.333333333333332,25.0,0.8,85.184,0,15.0,Defensive,Economical
0,0.0,0.0,0.0,0.0,0.0,9.0,258.0,28.0,9.214285714285714,28.666666666666668,18.666666666666668,1.0,96.31428571428572,1,9.0,Unclassified,Unclassified
0,0.0,0.0,0.0,0.0,0.0,7.0,209.0,26.0,8.038461538461538,29.857142857142858,22.285714285714285,0.875,89.28461538461539,0,8.0,Unclassified,Unclassified
0,0.0,0.0,0.0,0.0,0.0,6.0,143.0,15.0,9.533333333333333,23.833333333333332,15.0,1.0,96.18666666666667,1,6.0,Unclassified,Unclassified
0,0.0,0.0,0.0,0.0,0.0,6.0,192.0,20.0,9.6,32.0,20.0,1.0,96.16,1,6.0,Unclassified,Unclassified
0,0.0,0.0,0.0,0.0,0.0,22.0,754.0,80.0,9.425,34.27272727272727,21.818181818181817,0.9565217391304348,93.62130434782608,0,23.0,Defensive,Run-leaking
0,0.0,0.0,0.0,0.0,0.0,7.0,173.0,15.0,11.533333333333333,24.714285714285715,12.857142857142858,1.1666666666666667,105.38666666666667,1,6.0,Unclassified,Unclassified
0,0.0,0.0,0.0,0.0,0.0,10.0,321.0,39.0,8.23076923076923,32.1,23.4,0.8333333333333334,86.70769230769231,0,12.0,Defensive,Average
0,0.0,0.0,0.0,0.0,0.0,4.0,104.0,13.0,8.0,26.0,19.5,0.8,0.0,0,5.0,Unclassified,Unclassified
0,0.0,0.0,0.0,0.0,0.0,12.0,412.0,47.0,8.76595744680851,34.333333333333336,23.5,0.8571428571428571,87.92218844984802,0,14.0,Defensive,Run-leaking
0,0.0,0.0,0.0,0.0,0.0,11.0,413.0,47.0,8.787234042553191,37.54545454545455,25.636363636363637,0.8461538461538461,87.25433715220949,0,13.0,Defensive,Run-leaking
0,0.0,0.0,0.0,0.0,0.0,5.0,173.0,26.0,6.653846153846154,34.6,31.2,0.625,74.83846153846153,1,8.0,Unclassified,Unclassified
0,0.0,0.0,0.0,0.0,0.0,5.0,177.0,17.0,10.411764705882353,35.4,20.4,1.0,95.83529411764707,1,5.0,Unclassified,Unclassified
0,0.0,0.0,0.0,0.0,0.0,3.0,105.0,13.0,8.076923076923077,35.0,26.0,0.75,0.0,0,4.0,Unclassified,Unclassified
0,0.0,0.0,0.0,0.0,0.0,4.0,146.0,17.0,8.588235294117647,36.5,25.5,0.8,0.0,0,5.0,Unclassified,Unclassified
0,0.0,0.0,0.0,0.0,0.0,4.0,147.0,17.0,8.647058823529411,36.75,25.5,0.8,0.0,0,5.0,Unclassified,Unclassified
0,0.0,0.0,0.0,0.0,0.0,16.0,585.0,64.0,9.140625,36.5625,24.0,0.8421052631578947,86.87006578947368,0,19.0,Defensive,Run-leaking
0,0.0,0.0,0.0,0.0,0.0,14.0,525.0,61.0,8.60655737704918,37.5,26.142857142857142,0.7777777777777778,83.22404371584699,0,18.0,Defensive,Run-leaking
0,0.0,0.0,0.0,0.0,0.0,5.0,185.0,26.0,7.115384615384615,37.0,31.2,0.625,74.65384615384616,0,8.0,Unclassified,Unclassified
0,0.0,0.0,0.0,0.0,0.0,10.0,321.0,32.0,10.03125,32.1,19.2,0.9090909090909091,90.53295454545454,0,11.0,Defensive,Run-leaking
0,0.0,0.0,0.0,0.0,0.0,7.0,301.0,31.0,9.709677419354838,43.0,26.571428571428573,0.875,88.61612903225807,0,8.0,Unclassified,Unclassified
0,0.0,0.0,0.0,0.0,0.0,8.0,308.0,28.0,11.0,38.5,21.0,1.0,95.6,1,8.0,Unclassified,Unclassified
0,0.0,0.0,0.0,0.0,0.0,7.0,240.0,27.0,8.88888888888889,34.285714285714285,23.142857142857142,0.7777777777777778,83.11111111111111,0,9.0,Unclassified,Unclassified
0,0.0,0.0,0.0,0.0,0.0,16.0,675.0,72.0,9.375,42.1875,27.0,0.8,84.25,0,20.0,Defensive,Run-leaking
0,0.0,0.0,0.0,0.0,0.0,8.0,274.0,29.0,9.448275862068966,34.25,21.75,0.8,84.22068965517241,0,10.0,Defensive,Run-leaking
0,0.0,0.0,0.0,0.0,0.0,6.0,161.0,16.0,10.0625,26.833333333333332,16.0,0.8571428571428571,87.40357142857142,0,7.0,Unclassified,Unclassified
0,0.0,0.0,0.0,0.0,0.0,9.0,325.0,38.0,8.552631578947368,36.111111111111114,25.333333333333332,0.6923076923076923,78.11740890688259,0,13.0,Defensive,Run-leaking
0,0.0,0.0,0.0,0.0,0.0,4.0,116.0,12.0,9.666666666666666,29.0,18.0,0.8,0.0,0,5.0,Unclassified,Unclassified
0,0.0,0.0,0.0,0.0,0.0,6.0,266.0,29.0,9.172413793103448,44.333333333333336,29.0,0.75,81.33103448275862,0,8.0,Unclassified,Unclassified
0,0.0,0.0,0.0,0.0,0.0,4.0,195.0,28.0,6.964285714285714,48.75,42.0,0.5,0.0,1,8.0,Unclassified,Unclassified
0,0.0,0.0,0.0,0.0,0.0,7.0,245.0,29.0,8.448275862068966,35.0,24.857142857142858,0.6363636363636364,74.8025078369906,0,11.0,Defensive,Average
0,0.0,0.0,0.0,0.0,0.0,6.0,149.0,17.0,8.764705882352942,24.833333333333332,17.0,0.6666666666666666,76.49411764705883,0,9.0,Unclassified,Unclassified
0,0.0,0.0,0.0,0.0,0.0,5.0,177.0,21.0,8.428571428571429,35.4,25.2,0.625,74.12857142857143,0,8.0,Unclassified,Unclassified
0,0.0,0.0,0.0,0.0,0.0,2.0,107.0,12.0,8.916666666666666,53.5,36.0,0.6666666666666666,0.0,0,3.0,Unclassified,Unclassified
0,0.0,0.0,0.0,0.0,0.0,14.0,607.0,67.0,9.059701492537313,43.357142857142854,28.714285714285715,0.6666666666666666,76.37611940298507,0,21.0,Defensive,Run-leaking
0,0.0,0.0,0.0,0.0,0.0,2.0,91.0,10.0,9.1,45.5,30.0,0.6666666666666666,0.0,0,3.0,Unclassified,Unclassified
0,0.0,0.0,0.0,0.0,0.0,3.0,128.0,15.0,8.533333333333333,42.666666666666664,30.0,0.6,0.0,0,5.0,Unclassified,Unclassified
0,0.0,0.0,0.0,0.0,0.0,5.0,224.0,23.0,9.73913043478261,44.8,27.6,0.7142857142857143,78.96149068322981,0,7.0,Unclassified,Unclassified
0,0.0,0.0,0.0,0.0,0.0,3.0,152.0,15.0,10.133333333333333,50.666666666666664,30.0,0.75,0.0,0,4.0,Unclassified,Unclassified
0,0.0,0.0,0.0,0.0,0.0,4.0,179.0,19.0,9.421052631578947,44.75,28.5,0.6666666666666666,0.0,0,6.0,Unclassified,Unclassified
0,0.0,0.0,0.0,0.0,0.0,2.0,106.0,10.0,10.6,53.0,30.0,0.6666666666666666,0.0,0,3.0,Unclassified,Unclassified
0,0.0,0.0,0.0,0.0,0.0,2.0,135.0,15.0,9.0,67.5,45.0,0.5,0.0,0,4.0,Unclassified,Unclassified
0,0.0,0.0,0.0,0.0,0.0,4.0,210.0,23.0,9.130434782608695,52.5,34.5,0.5,0.0,0,8.0,Unclassified,Unclassified
0,0.0,0.0,0.0,0.0,0.0,6.0,247.0,21.0,11.761904761904763,41.166666666666664,21.0,0.75,80.29523809523809,0,8.0,Unclassified,Unclassified
0,0.0,0.0,0.0,0.0,0.0,4.0,151.0,17.0,8.882352941176471,37.75,25.5,0.4444444444444444,0.0,0,9.0,Unclassified,Unclassified
0,0.0,0.0,0.0,0.0,0.0,4.0,215.0,25.0,8.6,53.75,37.5,0.4,0.0,0,10.0,Defensive,Run-leaking
0,0.0,0.0,0.0,0.0,0.0,6.0,278.0,26.0,10.692307692307692,46.333333333333336,26.0,0.6,71.72307692307692,0,10.0,Defensive,Run-leaking
0,0.0,0.0,0.0,0.0,0.0,3.0,127.0,13.0,9.76923076923077,42.333333333333336,26.0,0.5,0.0,0,6.0,Unclassified,Unclassified
0,0.0,0.0,0.0,0.0,0.0,5.0,280.0,30.0,9.333333333333334,56.0,36.0,0.45454545454545453,63.539393939393946,0,11.0,Defensive,Run-leaking
0,0.0,0.0,0.0,0.0,0.0,5.0,301.0,34.0,8.852941176470589,60.2,40.8,0.38461538461538464,59.53574660633484,0,13.0,Defensive,Run-leaking
0,0.0,0.0,0.0,0.0,0.0,3.0,133.0,14.0,9.5,44.333333333333336,28.0,0.42857142857142855,0.0,0,7.0,Unclassified,Unclassified
0,0.0,0.0,0.0,0.0,0.0,1.0,86.0,10.0,8.6,86.0,60.0,0.3333333333333333,0.0,0,3.0,Unclassified,Unclassified
0,0.0,0.0,0.0,0.0,0.0,1.0,90.0,11.0,8.181818181818182,90.0,66.0,0.25,0.0,0,4.0,Unclassified,Unclassified
0,0.0,0.0,0.0,0.0,0.0,4.0,198.0,19.0,10.421052631578947,49.5,28.5,0.4444444444444444,0.0,0,9.0,Unclassified,Unclassified
0,0.0,0.0,0.0,0.0,0.0,2.0,198.0,23.0,8.608695652173912,99.0,69.0,0.25,0.0,0,8.0,Unclassified,Unclassified
0,0.0,0.0,0.0,0.0,0.0,2.0,136.0,13.0,10.461538461538462,68.0,39.0,0.4,0.0,0,5.0,Unclassified,Unclassified
0,0.0,0.0,0.0,0.0,0.0,1.0,108.0,12.0,9.0,108.0,72.0,0.25,0.0,0,4.0,Unclassified,Unclassified
0,0.0,0.0,0.0,0.0,0.0,1.0,128.0,12.0,10.666666666666666,128.0,72.0,0.3333333333333333,0.0,0,3.0,Unclassified,Unclassified
0,0.0,0.0,0.0,0.0,0.0,2.0,186.0,17.0,10.941176470588236,93.0,51.0,0.3333333333333333,0.0,0,6.0,Unclassified,Unclassified
0,0.0,0.0,0.0,0.0,0.0,2.0,177.0,17.0,10.411764705882353,88.5,51.0,0.25,0.0,0,8.0,Unclassified,Unclassified
